"m.z","Intensity","Relative","Branching Ratio"
73.3,98014.5,100,46.8208633767207
115.1,76800.9,78.36,36.6888285419983
172.6,12828.1,13.09,6.12885101601274
102.2,11615,11.85,5.5482723101414
74.3,10077,10.28,4.81318475512689
